nombre,apellidos,email,ciclo,situacion,objetivos,feedback_general,ayuda,opportunity,comunidad,ligas,ventajas,embajadores,mentoring,tech_stack
Lucía,García Martínez,lucia.garcia@example.com,DAW (Desarrollo Aplicaciones Web),Trabajando a tiempo completo,"Conseguir un empleo estable como desarrolladora frontend","Más horas de prácticas reales y contacto con empresas","Me gustaría recibir orientación sobre especialización",9,8,7,9,Si,Si,me gustaria ayudar,React y Node.js
Marcos,Rodríguez López,marcos.rodriguez@example.com,DAM (Desarrollo Aplicaciones Multiplataforma),Estudiante sin experiencia laboral,"Montar mi propia startup tecnológica en el futuro","Faltan talleres de tecnologías emergentes como IA","Necesito ayuda para encontrar mi primera beca",8,9,10,8,Si, me encantaria,No tengo disponibilidad,Kotlin y Firebase
Sofía,Martín Sánchez,sofia.martin@example.com,ASIR (Administración Sistemas Redes),Trabajando a tiempo parcial,"Especializarme en ciberseguridad y cloud computing","Las clases teóricas a veces son demasiado densas, más proyectos prácticos","Apoyo para preparar certificaciones oficiales (AWS, CompTIA)",10,7,6,9,Depende,Si, me gustaria ayudar,Python y Docker
Alejandro,Fernández Gómez,alejandro.fernandez@example.com,Desarrollo Web,En búsqueda activa de empleo,"Actualizar mis conocimientos a las últimas tecnologías del mercado","Mejorar la bolsa de empleo interna, pocas ofertas relevantes","Mentoría para mejorar mi perfil de LinkedIn y portfolio",6,8,5,7,No,No,TypeScript y Angular
Valentina,Ruiz Díaz,valentina.ruiz@example.com,DAW (Desarrollo Aplicaciones Web),Estudiante con prácticas,"Aprender buenas prácticas profesionales y metodologías ágiles","El contenido está bien pero echo de menos más eventos de networking","Información sobre el programa de embajadores",9,9,8,9,Si,Si, me encantaria,Si,Java y Spring Boot
Javier,Molina Castro,javier.molina@example.com,DAM (Desarrollo Aplicaciones Multiplataforma),Autónomo/freelance,"Poder compaginar estudios con mi trabajo y ampliar mi red de contactos","La comunicación entre alumnos y profesores podría ser más fluida","Recursos sobre cómo conseguir mis primeros clientes freelance",7,8,8,7,Depende,No tengo disponibilidad,Flutter y MongoDB
Elena,Ortega Ruiz,elena.ortega@example.com,ASIR (Administración Sistemas Redes),Trabajando a tiempo completo,"Pasar de soporte técnico a administración de sistemas senior","Más contenido práctico sobre cloud (Azure, AWS) y menos teoría","Asesoramiento sobre certificaciones que más valora el mercado",8,7,6,8,Si,Si, me gustaria ayudar,Terraform y Ansible
Pablo,Serrano Jiménez,pablo.serrano@example.com,Desarrollo Web,En búsqueda activa de empleo,"Conseguir mi primer trabajo como desarrollador junior","Faltan sesiones de preparación de entrevistas técnicas","Ayuda para crear un portfolio que destaque",10,9,9,10,Si, me encantaria,Si,JavaScript y Vue.js
Clara,Blanco Pérez,clara.blanco@example.com,DAW (Desarrollo Aplicaciones Web),Estudiante sin experiencia laboral,"Entender bien todo el ciclo de desarrollo de una aplicación real","Los horarios a veces son complicados para compaginar con trabajo","Me gustaría formar parte del mentoring para nuevos alumnos",9,8,7,8,Si,Depende,React Native y Express
David,Romero Gutiérrez,david.romero@example.com,DAM (Desarrollo Aplicaciones Multiplataforma),Trabajando a tiempo parcial,"Aprender desarrollo de videojuegos en mis ratos libres","Echo de menos actividades extraescolares relacionadas con gaming","Información sobre ligas deportivas y eventos sociales",8,9,10,7,Si,Si, me gustaria ayudar,C# y Unity